{
	"body" : { "x" : 0, "y" : 0, "width" : 797.6875, "height" : 1058.484375},
	"subplots" : {
		"EgoProCode2D-f1-subplot-placefieldExample" : { "x" : 192.984375, "y" : 113.59375, "width" : 113.375, "height" : 113.375},
		"EgoProCode2D-f1-subplot-trajectories-allo" : { "x" : 344.140625, "y" : 113.59375, "width" : 113.375, "height" : 113.375},
		"EgoProCode2D-f1-subplot-trajectory-allo-head-direction" : { "x" : 495.296875, "y" : 113.59375, "width" : 113.375, "height" : 113.375},
		"EgoProCode2D-f1-subplot-egofieldExample" : { "x" : 192.984375, "y" : 245.859375, "width" : 113.375, "height" : 113.375},
		"EgoProCode2D-f1-subplot-trajectories-ego" : { "x" : 344.140625, "y" : 245.859375, "width" : 113.375, "height" : 113.375},
		"EgoProCode2D-f1-subplot-trajectory-ego-head-direction" : { "x" : 495.296875, "y" : 245.859375, "width" : 113.375, "height" : 113.375},
		"EgoProCode2D-f1-subplot-theta-cycle-horizontal" : { "x" : 83.359375, "y" : 378.125, "width" : 634.953125, "height" : 56.6875},
		"EgoProCode2D-f1-subplot-descending-phase-egofieldExample" : { "x" : 115.09375, "y" : 453.703125, "width" : 94.484375, "height" : 94.484375},
		"EgoProCode2D-f1-subplot-descending-phase-forward-field-distribution" : { "x" : 219.015625, "y" : 453.703125, "width" : 37.78125, "height" : 94.484375},
		"EgoProCode2D-f1-subplot-descending-phase-lateral-field-distribution" : { "x" : 115.09375, "y" : 557.625, "width" : 94.484375, "height" : 37.78125},
		"EgoProCode2D-f1-subplot-trough-phase-placefieldExample" : { "x" : 325.234375, "y" : 453.703125, "width" : 94.484375, "height" : 94.484375},
		"EgoProCode2D-f1-subplot-trough-phase-forward-field-distribution" : { "x" : 429.15625, "y" : 453.703125, "width" : 37.78125, "height" : 94.484375},
		"EgoProCode2D-f1-subplot-trough-phase-lateral-field-distribution" : { "x" : 325.234375, "y" : 557.625, "width" : 94.484375, "height" : 37.78125},
		"EgoProCode2D-f1-subplot-ascending-phase-placefieldExample" : { "x" : 535.375, "y" : 453.703125, "width" : 94.484375, "height" : 94.484375},
		"EgoProCode2D-f1-subplot-ascending-phase-forward-field-distribution" : { "x" : 639.296875, "y" : 453.703125, "width" : 37.78125, "height" : 94.484375},
		"EgoProCode2D-f1-subplot-ascending-phase-lateral-field-distribution" : { "x" : 535.375, "y" : 557.625, "width" : 94.484375, "height" : 37.78125},
		"EgoProCode2d-f1-subplot-ca1-rate-ratios" : { "x" : 115.09375, "y" : 633.203125, "width" : 94.484375, "height" : 94.484375},
		"EgoProCode2d-f1-subplot-ca1-field-size" : { "x" : 274.078125, "y" : 633.203125, "width" : 94.484375, "height" : 94.484375},
		"EgoProCode2d-f1-subplot-ca3-rate-ratios" : { "x" : 433.0625, "y" : 633.203125, "width" : 94.484375, "height" : 94.484375},
		"EgoProCode2d-f1-subplot-ca3-field-size" : { "x" : 592.046875, "y" : 633.203125, "width" : 94.484375, "height" : 94.484375}
	}
}